,KOI_inner,Period_inner,KOI_outer,Period_outer,Period Ratios,Nearest Period Ratio,delta,Period_ttv
693,1931.01,4.97759177,1931.03,6.98795025,1.4038817510339945,7:5,0.002772679309996029,360.0411354980273
85,250.01,12.28301501,250.02,17.25119579,1.4044756744134272,7:5,0.003196910295305111,770.8869858024482
732,2038.03,17.91327996,2038.04,25.21486084,1.4076071437673214,7:5,0.0054336741195153415,662.9258394804416
485,1151.02,7.41088006,1151.01,10.43545334,1.4081260599972525,7:5,0.005804328569466,256.83919005098306
49,157.02,22.68714058,157.03,31.99551734,1.410293078899765,7:5,0.007352199214117894,621.6899268251082
484,1151.03,5.24969846,1151.02,7.41088006,1.4116772832700948,7:5,0.008340916621496275,126.92815423907835
11,82.01,16.14567465,82.06,22.4100071,1.3879882746181809,7:5,-0.008579803844156464,-373.13552196122953
1029,4421.01,4.72693561,4421.02,6.55935685,1.387655214960713,7:5,-0.008817703599490634,-106.26927612145623
14,85.01,5.8599363,85.03,8.13120523,1.3875927678599511,7:5,-0.008862308671463426,-131.07202538354412
957,3196.01,4.96061846,3196.02,6.88308994,1.3875467334369431,7:5,-0.00889519040218345,-110.54272234754843
87,251.01,4.16438514,251.02,5.77439788,1.3866147548494998,7:5,-0.009560889393214422,-86.2800466494888
867,2623.02,4.02657894,2623.01,5.57652377,1.3849284598900722,7:5,-0.010765385792805615,-74.00071564453663
740,2055.04,6.1308059,2055.01,8.67891788,1.4156243113160702,7:5,0.011160222368621575,111.09504546383941
117,312.01,11.57885861,312.02,16.39921712,1.416306880700394,7:5,0.011647771928852801,201.13248414951423
776,2173.01,37.81548396,2173.02,53.57863865,1.4168439231578724,7:5,0.012031373684194602,636.1776665427097
316,710.03,3.8868617,710.01,5.37492471,1.3828443420047594,7:5,-0.012254041425171835,-62.66066520434419
551,1404.01,13.32390445,1404.02,18.90618296,1.4189671676908489,7:5,0.013547976922035021,199.35694425395465
54,168.01,10.74246051,168.02,15.27444881,1.4218761889588738,7:5,0.015625849256338364,139.64451339047494
1043,4657.01,7.57606329,4657.02,10.43154013,1.3769077330398067,7:5,-0.016494476400138014,-90.34660952068533
897,2739.02,7.09552793,2739.01,10.10775159,1.4245242481907896,7:5,0.01751732013627838,82.43067441958154
863,2597.03,5.61355807,2597.01,8.00503248,1.4260175774755994,7:5,0.018583983911142576,61.535571384441624
714,2007.01,15.37899545,2007.02,21.12860126,1.3738609474652,7:5,-0.01867075181057143,-161.66309954709047
227,543.02,3.13785766,543.01,4.30213778,1.371043000083057,7:5,-0.020683571369245035,-29.713974461026766
239,567.02,20.30308048,567.03,29.02256398,1.42946603637755,7:5,0.021047168841107133,196.9899419666239
735,2045.03,16.93512559,2045.02,24.2095264,1.429545135129996,7:5,0.021103667949997185,163.88164273732485
946,3097.03,8.70296645,3097.01,11.92175111,1.369849140346853,7:5,-0.021536328323676468,-79.08067131184198
731,2038.02,12.51345816,2038.03,17.91327996,1.431521145550384,7:5,0.022515103964560135,113.65881313778375
711,1996.02,7.073806,1996.01,10.13203033,1.4323308173845877,7:5,0.023093440988991132,62.67722965043276
1004,4032.02,2.89225969,4032.01,3.95116398,1.366116602067638,7:5,-0.024202427094544232,-23.322123642305993
240,568.02,2.35896842,568.01,3.38353654,1.4343288834701735,7:5,0.02452063105012403,19.71247648027794
183,457.01,4.92135977,457.02,7.06426469,1.4354294382343034,7:5,0.025306741595930937,39.87793790735453
1021,4287.02,9.61822502,4287.01,13.12300309,1.3643892779293698,7:5,-0.025436230050450148,-73.7025386004354
723,2029.04,4.78847692,2029.03,6.88724533,1.4382956094523685,7:5,0.02735400675169175,35.96885088650311
1014,4146.02,2.57382045,4146.01,3.50471169,1.361676837247913,7:5,-0.027373687680062098,-18.290305070445402
952,3158.02,4.54586316,3158.03,6.18944555,1.3615556236848978,7:5,-0.02746026879650154,-32.199484779096764
545,1364.05,2.58083692,1364.04,3.71548205,1.4396423195929793,7:5,0.0283159425664139,18.74502848545725
757,2103.01,2.54307621,2103.02,3.66521076,1.4412508542164373,7:5,0.0294648958688839,17.770350843011162
140,351.04,91.9400901,351.07,124.9218471,1.3587309623487087,7:5,-0.029477884036636648,-605.4022783644493
342,749.02,3.94106174,749.01,5.34956967,1.3573930130817995,7:5,-0.030433562084428933,-25.11123201586834
1035,4524.03,3.33932408,4524.02,4.52626961,1.3554448449939007,7:5,-0.03182511071864236,-20.317602348731068
837,2439.01,5.19111924,2439.02,7.50181268,1.4451243235167912,7:5,0.032231659654850864,33.24952972295973
1022,4288.01,6.28385406,4288.02,9.08742267,1.4461543160026855,7:5,0.03296736857334692,39.378430695284095
1051,4871.01,4.08197816,4871.02,5.52239578,1.352872446529699,7:5,-0.03366253819307208,-23.435953591268568
661,1858.02,86.05572743,1858.01,116.3312162,1.3518125948633328,7:5,-0.03441957509761939,-482.8283069821509
910,2859.02,2.0054092,2859.04,2.90513115,1.4486475628016466,7:5,0.034748259144033344,11.943583533034314
1025,4382.01,2.9464558,4382.02,3.98157196,1.3513089047526186,7:5,-0.03477935374812957,-16.35441527766467
200,500.01,7.05352865,500.02,9.52164568,1.3499123846331866,7:5,-0.03577686811915237,-38.01996006505345
727,2036.02,5.79533425,2036.01,8.4110256,1.4513443465318676,7:5,0.03667453323704839,32.763200500680455
203,505.02,6.19544791,505.04,8.34818212,1.347470310665561,7:5,-0.0375212066674564,-31.784623993680672
652,1833.03,5.70939527,1833.02,7.68434094,1.3459115329389342,7:5,-0.038634619329332764,-28.41397198898013
891,2722.01,6.12478255,2722.04,8.92112441,1.45656181867224,7:5,0.04040129905160006,31.54468727993143
9,82.04,7.07134469,82.02,10.31172605,1.458241183544965,7:5,0.04160084538926068,35.41042754407235
50,157.03,31.99551734,157.04,46.68586636,1.4591377243222283,7:5,0.04224123165873461,157.888613047127
220,523.02,36.85699247,523.01,49.41119585,1.3406193109819955,7:5,-0.04241477787000325,-166.42176662860297
298,678.02,4.1385355,678.01,6.04046403,1.459565595124169,7:5,0.04254685366012079,20.281721411187732
313,707.01,21.77566845,707.03,31.78484972,1.4596497826453634,7:5,0.04260698760383108,106.57155252005127
308,701.05,12.44179722,701.01,18.16405902,1.4599224451915638,7:5,0.0428017465654027,60.625226363617216
724,2029.03,6.88724533,2029.02,10.05538883,1.460001546075316,7:5,0.04285824719665432,33.51709910067358
295,671.04,11.13189834,671.03,16.25955008,1.4606268925017871,7:5,0.04330492321556223,53.6380784468566
8,82.05,5.28689179,82.04,7.07134469,1.3375240067094318,7:5,-0.044625709493262944,-22.636998045351756
752,2092.01,57.68938988,2092.03,77.08943467,1.336284450751761,7:5,-0.04551110660588498,-241.97997374127849
119,314.03,10.31305565,314.01,13.78108283,1.336275425799724,7:5,-0.04551755300019711,-43.25202012865022
720,2025.01,17.84848231,2025.02,26.13621077,1.4643379933405665,7:5,0.045955709528975985,81.24658359066541
46,156.01,8.04132617,156.03,11.77613082,1.4644513319125818,7:5,0.04603666565184428,36.542707405868526
767,2158.01,4.5620462,2158.02,6.68238066,1.4647770686758936,7:5,0.046269334768495485,20.631932863262765
749,2086.02,8.91897737,2086.03,11.89824703,1.3340371363673502,7:5,-0.047116331166178416,-36.07559276462552
333,730.01,14.78701236,730.03,19.72433675,1.3338960075096602,7:5,-0.04721713749309986,-59.6766882208588
657,1840.01,7.03934066,1840.02,9.38895232,1.3337829171063302,7:5,-0.04729791635262126,-28.35809706409633
331,730.04,7.38445597,730.02,9.84821114,1.3336407150383482,7:5,-0.04739948925832271,-29.681486609420695
819,2352.02,5.6290675,2352.03,8.2562501,1.4667171960542311,7:5,0.04765514003873661,24.74999127148235
1003,4021.02,4.93212279,4021.01,7.23533253,1.466981427281132,7:5,0.047843876629380055,21.603996282826635
941,3083.02,6.23220535,3083.03,8.29425613,1.330870159790226,7:5,-0.04937845729269574,-23.996167515594237
690,1930.04,9.34143183,1930.01,13.72714466,1.4694904282141512,7:5,0.04963602015296509,39.50801574483487
